Company Name,Website,Location,Hourly Rate,Min Project Size,Team Size
Quantasis,https://quantasis.com?utm_source=clutch.co&utm_medium=referral&utm_campaign=it-services-india,"Mumbai, India",$25 - $49 / hr,"$10,000+",50 - 249
Simform,https://www.simform.com/top-it-services-company/?utm_source=clutch.co&utm_medium=sp-referral&utm_campaign=it-outsourcing-india,"Ahmedabad, India",$25 - $49 / hr,"$25,000+","1,000 - 9,999"
Dotsquares,https://clutch.dotsquares.com/?utm_source=clutch.co&utm_medium=referral&utm_campaign=directory,"Jaipur, India",$25 - $49 / hr,"$1,000+","1,000 - 9,999"
Euphoric Thought Technologies Pvt. Ltd.,https://www.euphoricthought.com/?utm_source=clutch.co&utm_medium=referral&utm_campaign=directory?utm_source=clutch.co&utm_medium=referral&utm_campaign=it-services-india,"Bengaluru, India",$25 - $49 / hr,"$10,000+",50 - 249
Radixweb,https://radixweb.com/,"Ahmedabad, India",$25 - $49 / hr,"$25,000+",250 - 999
eSparkBiz,https://www.esparkinfo.com/?utm_source=clutch.co&utm_medium=referral&utm_campaign=directory,"Ahmedabad, India",< $25 / hr,"$5,000+",250 - 999
Salt Technologies,https://www.salttechno.com/?utm_source=clutch.co&utm_medium=referral&utm_campaign=directory,"Pimpri-Chinchwad, India",$25 - $49 / hr,"$10,000+",50 - 249
Navsoft,https://www.thenavsoft.com?utm_source=clutch.co&utm_medium=referral&utm_campaign=it-services-india,"Mumbai, India",$25 - $49 / hr,"$10,000+",250 - 999
TechAhead,https://www.techaheadcorp.com/?utm_source=clutch.co&utm_medium=referral&utm_campaign=directory,"Greater Noida, India",$25 - $49 / hr,"$25,000+",50 - 249
TatvaSoft,https://www.tatvasoft.com/?utm_source=clutch.co&utm_medium=referral&utm_campaign=profile,"Ahmedabad, India",< $25 / hr,"$25,000+","1,000 - 9,999"
DianApps,https://dianapps.com?utm_source=clutch.co&utm_medium=referral&utm_campaign=it-services-india,"Jaipur, India",$25 - $49 / hr,"$5,000+",50 - 249
Closeloop Technologies,https://closeloop.com/?utm_source=clutch.co&utm_medium=referral&utm_campaign=it-services-india,"Sahibzada Ajit Singh Nagar, India",$25 - $49 / hr,"$25,000+",50 - 249
7EDGE,https://pages.7edge.com/software-development-services/?utm_source=referral&utm_medium=cl-ito-in&utm_campaign=clutch,"Bengaluru, India",< $25 / hr,"$25,000+",50 - 249
Wednesday Solutions,https://wednesday.is/contact-us/clutch?utm_source=clutch&utm_medium=ad&utm_campaign=clutch+dashboard,"Pune, India",$25 - $49 / hr,"$5,000+",50 - 249
fxis.ai,https://fxis.ai/,"Ahmedabad, India",< $25 / hr,"$1,000+",50 - 249
Growexx,https://www.growexx.com/?utm_source=clutch&utm_medium=referral&utm_campaign=clutch_listing,"Bengaluru, India",$25 - $49 / hr,"$10,000+",50 - 249
Matrix Bricks,https://www.matrixbricks.com/?utm_source=clutch.co&utm_medium=referral&utm_campaign=directory,"Mumbai, India",$25 - $49 / hr,"$1,000+",10 - 49
KanhaSoft,https://kanhasoft.com?utm_source=clutch.co&utm_medium=referral&utm_campaign=it-services-india,"Ahmedabad, India",< $25 / hr,"$5,000+",50 - 249
Ahex Technologies,https://ahex.co/clutch-consultation/?utm_source=clutch.co&utm_medium=referral&utm_campaign=directory,"Hyderabad, India",< $25 / hr,"$10,000+",50 - 249
Lauren Group Inc.,https://laurengroup.ai/contact-us-USA?utm_source=clutch.co&utm_medium=referral&utm_campaign=it-services-india,"Mumbai, India",$50 - $99 / hr,"$5,000+",250 - 999
Cynoteck Technology Solutions Pvt. Ltd.,https://cynoteck.com/contact-us/?utm_source=clutch.co&utm_medium=referral,"Dehradun, India",$25 - $49 / hr,"$5,000+",50 - 249
Shaligram Infotech,https://shaligraminfotech.com?utm_source=clutch.co&utm_medium=referral&utm_campaign=it-services-india,"Ahmedabad, India",$25 - $49 / hr,"$5,000+",50 - 249
AllianceTek,https://www.alliancetek.com/?utm_source=clutch.co&utm_medium=referral&utm_campaign=boosted-placements,"Ahmedabad, India",$25 - $49 / hr,Undisclosed,50 - 249
Vitec GmbH,https://vitec-visual.com/?utm_source=clutch.co&utm_medium=referral&utm_campaign=directory,"Surat, India",$25 - $49 / hr,"$5,000+",10 - 49
ScaleTech Solutions,http://www.scaletech.xyz,"Ahmedabad, India",$50 - $99 / hr,"$10,000+",50 - 249
TechRover Solutions,https://www.techrover.us/contact-us/,"Ahmedabad, India",< $25 / hr,"$10,000+",50 - 249
"Confianz Global, Inc",https://www.confianzit.com/mobile-app-development/?utm_source=clutch.co&utm_medium=referral&utm_campaign=it-services-india,"Kazhakkoottam, India",$50 - $99 / hr,"$25,000+",50 - 249
W3care Technologies Pvt. Ltd.,https://www.w3care.com/request-a-quote/?utm_source=clutch.co&utm_medium=referral&utm_campaign=directory,"Jaipur, India",$25 - $49 / hr,"$5,000+",50 - 249
Sourceved Technologies Pvt Ltd,https://www.sourceved.com,"Ahmedabad, India",$50 - $99 / hr,"$25,000+",50 - 249
DataToBiz,https://www.datatobiz.com/?utm_source=clutch.co&utm_medium=visitwebsite&utm_campaign=directory,"Sahibzada Ajit Singh Nagar, India",$25 - $49 / hr,"$25,000+",50 - 249
Analytics Liv Digital LLP,https://www.analyticsliv.com,"Ahmedabad, India",$50 - $99 / hr,"$1,000+",10 - 49
ThePlanetSoft,https://www.theplanetsoft.com/?utm_source=clutch.co&utm_medium=referral&utm_campaign=directory,"Surat, India",$50 - $99 / hr,"$5,000+",50 - 249
SoluteLabs,https://www.solutelabs.com/?utm_source=clutch&utm_medium=referral&utm_campaign=directory,"Ahmedabad, India",$25 - $49 / hr,"$10,000+",50 - 249
ShubhiTech Private Limited,https://www.shubhitech.com?utm_source=clutch.co&utm_medium=referral&utm_campaign=it-services-india,"Gurugram, India",$100 - $149 / hr,"$1,000+",10 - 49
Info Services,https://www.infoservices.com/,"Nanakaramguda, India",$25 - $49 / hr,"$25,000+",250 - 999
Mindpath Technology Limited,https://mindpathtech.com/?utm_source=clutch.co&utm_medium=referral&utm_campaign=directory,"Indore, India",$25 - $49 / hr,"$5,000+",50 - 249
"Cabot Technology Solutions, Inc",https://www.cabotsolutions.com/?utm_source=clutch&utm_medium=clutch-profile&utm_campaign=general,"Kakkanad, India",$25 - $49 / hr,"$10,000+",50 - 249
Logical Wings Infoweb Private Limited,http://www.logicalwings.com/?utm_source=clutch.co&utm_medium=referral&utm_campaign=directory,"Vadodara, India",< $25 / hr,"$1,000+",10 - 49
Gadgeon Systems Inc.,http://www.gadgeon.com/?utm_source=clutch.co&utm_medium=referral&utm_campaign=directory,"Kochi, India",$25 - $49 / hr,"$25,000+",250 - 999
Cloudforgers Global PTE LTD,https://cloudforgers.com/,"Kharar, India",$25 - $49 / hr,"$10,000+",10 - 49
Durapid Technologies Private Limited,https://durapid.com/,"Jaipur, India",< $25 / hr,"$1,000+",50 - 249
Akivna Technologies Private Limited,https://www.akivna.com,"Gurugram, India",$25 - $49 / hr,"$5,000+",10 - 49
Profusion Systems,https://www.profusionsystems.com,"Ahmedabad, India",$25 - $49 / hr,"$5,000+",10 - 49
CyberSafeHaven Consulting,https://www.cybersafehaven.com/?utm_source=clutch.co&utm_medium=referral&utm_campaign=directory,"Bengaluru, India",$50 - $99 / hr,"$5,000+",2 - 9
VLink,https://vlinkinfo.com/write-to-us/?utm_source=clutch.co&utm_medium=referral_paid&utm_campaign=clutch_profile,"Gurugram, India",$50 - $99 / hr,"$10,000+",250 - 999
rtCamp,https://rtcamp.com/clutch/?utm_source=clutch.co&utm_medium=referral&utm_campaign=directory&utm_term=visit_website,"Pune, India",$50 - $99 / hr,"$10,000+",50 - 249
BBD,https://bbdsoftware.com/,"Pune, India",$50 - $99 / hr,"$25,000+","1,000 - 9,999"
AddWeb Solution,https://www.addwebsolution.com/?utm_source=clutch.co&utm_medium=referral&utm_campaign=directory,"Ahmedabad, India",< $25 / hr,"$5,000+",50 - 249
*instinctools,https://www.instinctools.com/dedicated-teams/?utm_source=clutch.co&utm_medium=referral&utm_campaign=it-services-india,"Ahmedabad, India",$25 - $49 / hr,"$10,000+",250 - 999
N-iX,https://www.n-ix.com/custom-software-development/?utm_source=clutch.co&utm_medium=referral&utm_campaign=profile+link++,"Bengaluru, India",$50 - $99 / hr,"$100,000+","1,000 - 9,999"
Dotsquares,https://clutch.dotsquares.com/?utm_source=clutch.co&utm_medium=referral&utm_campaign=directory,"Jaipur, India",$25 - $49 / hr,"$1,000+","1,000 - 9,999"
Ray Business Technologies,https://raybiztech.com/,"Hyderabad, India",$50 - $99 / hr,"$50,000+",250 - 999
Wavicle Data Solutions,https://wavicledata.com,"Coimbatore, India",Undisclosed,"$75,000+",250 - 999
Euphoric Thought Technologies Pvt. Ltd.,https://www.euphoricthought.com/?utm_source=clutch.co&utm_medium=referral&utm_campaign=directory?utm_source=clutch.co&utm_medium=referral&utm_campaign=it-services-india,"Bengaluru, India",$25 - $49 / hr,"$10,000+",50 - 249
Simform,https://www.simform.com/top-it-services-company/?utm_source=clutch.co&utm_medium=sp-referral&utm_campaign=it-outsourcing-india,"Ahmedabad, India",$25 - $49 / hr,"$25,000+","1,000 - 9,999"
AIMDek Technologies,https://www.aimdek.com/contact-us/?utm_source=clutch.co&utm_medium=referral&utm_campaign=directory,"Ahmedabad, India",$25 - $49 / hr,"$10,000+",50 - 249
Radixweb,https://radixweb.com/,"Ahmedabad, India",$25 - $49 / hr,"$25,000+",250 - 999
Maxima Consulting,https://www.maximaconsulting.com/locations/india?utm_source=clutch.co&utm_medium=referral&utm_campaign=it-services-india,"Pune, India",$25 - $49 / hr,"$10,000+",250 - 999
Sedin Technologies,https://sedintechnologies.com/contact/?utm_source=clutch.co&utm_medium=referral&utm_campaign=directory,"Chennai, India",$25 - $49 / hr,"$50,000+",250 - 999
Girikon,https://www.girikon.com,"Gurugram, India",$25 - $49 / hr,"$5,000+",250 - 999
Aress Software,https://www.aress.com/,"Nashik, India",$25 - $49 / hr,"$5,000+",250 - 999
eSparkBiz,https://www.esparkinfo.com/?utm_source=clutch.co&utm_medium=referral&utm_campaign=directory,"Ahmedabad, India",< $25 / hr,"$5,000+",250 - 999
Grazitti Interactive,https://www.grazitti.com/?utm_source=clutch&utm_medium=community&utm_campaign=social,"Panchkula, India",$25 - $49 / hr,"$10,000+","1,000 - 9,999"
Salt Technologies,https://www.salttechno.com/?utm_source=clutch.co&utm_medium=referral&utm_campaign=directory,"Pimpri-Chinchwad, India",$25 - $49 / hr,"$10,000+",50 - 249
Avisoft,https://avisoft.io/,"Sahibzada Ajit Singh Nagar, India",$25 - $49 / hr,"$1,000+",50 - 249
SparkSupport Pvt Ltd,https://www.sparksupport.com,"Kakkanad, India",< $25 / hr,"$1,000+",50 - 249
Cyntexa,https://cyntexa.com/,"Jaipur, India",$25 - $49 / hr,"$5,000+",250 - 999
SHI | Locuz - An SHI Company,https://www.locuz.com/,"Hyderabad, India",$25 - $49 / hr,"$5,000+","1,000 - 9,999"
Navsoft,https://www.thenavsoft.com?utm_source=clutch.co&utm_medium=referral&utm_campaign=it-services-india,"Mumbai, India",$25 - $49 / hr,"$10,000+",250 - 999
Ideas2IT Technologies,https://www.ideas2it.com/?utm_source=clutch.co&utm_medium=referral&utm_campaign=directory,"Chennai, India",$25 - $49 / hr,"$50,000+",250 - 999
Boston Technology Corporation,http://www.boston-technology.com/,"Bengaluru, India",$25 - $49 / hr,"$50,000+",250 - 999
Bacancy,https://www.bacancytechnology.com?utm_source=clutch.co&utm_medium=referral&utm_campaign=directory,"Ahmedabad, India",< $25 / hr,"$10,000+","1,000 - 9,999"
QBurst,https://www.qburst.com/?ref=1500237,"Kochi, India",$25 - $49 / hr,"$5,000+","1,000 - 9,999"
TechAhead,https://www.techaheadcorp.com/?utm_source=clutch.co&utm_medium=referral&utm_campaign=directory,"Greater Noida, India",$25 - $49 / hr,"$25,000+",50 - 249
GeekyAnts,https://geekyants.com/?utm_source=clutch&utm_medium=referral&utm_campaign=sponsorship,"Bengaluru, India",$25 - $49 / hr,"$10,000+",250 - 999
XenonStack,https://www.xenonstack.com/,"Sahibzada Ajit Singh Nagar, India",$50 - $99 / hr,"$25,000+",50 - 249
TatvaSoft,https://www.tatvasoft.com/?utm_source=clutch.co&utm_medium=referral&utm_campaign=profile,"Ahmedabad, India",< $25 / hr,"$25,000+","1,000 - 9,999"
Citta Solutions Private Limited,https://cittasolutions.com/,"Ahmedabad, India",$25 - $49 / hr,"$5,000+",50 - 249
Successive Digital,https://successive.tech/?utm_source=clutch.co&utm_medium=referral&utm_campaign=directory,"Noida, India",$25 - $49 / hr,"$5,000+","1,000 - 9,999"
Velotio Technologies,https://velotio.com/?utm_source=clutch.co&utm_medium=referral&utm_campaign=directory,"Pune, India",$25 - $49 / hr,"$25,000+",250 - 999
Adastra,https://adastracorp.com/?utm_source=clutch.co&utm_medium=referral&utm_campaign=clutch_profile,"Pune, India",Undisclosed,"$25,000+","1,000 - 9,999"
Sedin Technologies,https://sedintechnologies.com/contact/?utm_source=clutch.co&utm_medium=referral&utm_campaign=directory,"Chennai, India",$25 - $49 / hr,"$50,000+",250 - 999
Dean Infotech™ Pvt. Ltd.,https://www.deaninfotech.com/,"Faridabad, India",$25 - $49 / hr,"$5,000+",50 - 249
Techdome,https://techdome.io/,"Indore, India",$25 - $49 / hr,"$5,000+",50 - 249
Ajackus,https://www.ajackus.com/lp/c?utm_source=clutch.co&utm_medium=referral&utm_campaign=directory,"Mumbai, India",$25 - $49 / hr,"$5,000+",50 - 249
Virtusa,http://www.virtusa.com,"Hyderabad, India",< $25 / hr,"$50,000+","10,000+"
Reflections Info Systems,http://www.reflectionsglobal.com/,"Thiruvananthapuram, India",Undisclosed,Undisclosed,250 - 999
Travancore Analytics,https://www.travancoreanalytics.com/,"Ilavala Hobli, India",$25 - $49 / hr,"$10,000+",50 - 249
UPDOT®,https://www.updot.co/,"Bengaluru, India",$25 - $49 / hr,"$5,000+",10 - 49
Calidad Infotech LLP,https://www.calidadinfotech.com,"Ahmedabad, India",$25 - $49 / hr,"$1,000+",10 - 49
ROBOTRONIX ENGINEERING TECH PVT. LTD.,https://robotronix.co.in/,"Indore, India",< $25 / hr,Undisclosed,10 - 49
"Synoptek, LLC.",https://synoptek.com/?utm_source=clutch.co&utm_medium=referral&utm_campaign=directory,"Ahmedabad, India",$150 - $199 / hr,"$50,000+","1,000 - 9,999"
Shunyavkash,https://www.shunyavkash.com/?utm_source=clutch.co&utm_medium=referral&utm_campaign=directory,"Surat, India",$25 - $49 / hr,"$25,000+",10 - 49
"SharpQuest, Inc.",https://www.sharpquest.com/?utm_source=clutch.co&utm_medium=referral&utm_campaign=directory,"Ahmedabad, India",$50 - $99 / hr,"$25,000+",10 - 49
Sujosu Technology,https://www.sujosu.com,"Pimpri-Chinchwad, India",$25 - $49 / hr,"$25,000+",10 - 49
RND Softech,https://www.rndsoftech.net/?utm_source=clutch.co&utm_medium=referral&utm_campaign=directory,"Coimbatore, India",< $25 / hr,"$1,000+","1,000 - 9,999"
NopalCyber,https://www.nopalcyber.com/?utm_source=clutch.co&utm_medium=referral&utm_campaign=directory,"Kothaguda, India",Undisclosed,Undisclosed,10 - 49
LogiQuad Solutions,https://logiquad.com/,"Pune, India",< $25 / hr,Undisclosed,10 - 49
The Scalers,https://thescalers.com,"Bengaluru, India",Undisclosed,Undisclosed,50 - 249
Yugen.ai,https://yugen.ai,"Bengaluru, India",$50 - $99 / hr,"$25,000+",10 - 49
NINEBIT COMPUTING PRIVATE LIMITED,https://ninebitciq.com/landing/?utm_source=clutch.co&utm_medium=referral&utm_campaign=directory,"Indore, India",$25 - $49 / hr,"$5,000+",2 - 9
JDeviO TechnoLab,https://jdevio.com,"Ronki, India",$25 - $49 / hr,"$1,000+",10 - 49
TAKSH IT SOLUTIONS PVT LTD,https://takshitsolutions.com?utm_source=clutch.co&utm_medium=referral&utm_campaign=web-developers,"Noida, India",$25 - $49 / hr,"$1,000+",50 - 249
TechParrot Innovations LLC,https://techparrot.io/?utm_source=clutch.co&utm_medium=referral&utm_campaign=directory,"Chennai, India",< $25 / hr,"$1,000+",10 - 49
Mobility Infotech,https://www.mobilityinfotech.com/,"Sikanderpur Ghosi, India",$25 - $49 / hr,"$1,000+",10 - 49
ByondLabs Technologies,https://byondlabs.tech,"Bengaluru, India",$50 - $99 / hr,"$10,000+",10 - 49
Multiminds Technology,https://multimindstech.com/?utm_source=clutch.co&utm_medium=referral&utm_campaign=directory,"Ahmedabad, India",< $25 / hr,"$1,000+",10 - 49
Uniwish Technology Consultancy,https://uniwishtech.com/,"Navi Mumbai, India",$25 - $49 / hr,"$1,000+",2 - 9
Startbit IT Solutions,http://www.startbitsolutions.com/know-about-us,"Jaipur, India",< $25 / hr,"$1,000+",50 - 249
Taction Software LLC,https://www.tactionsoft.com/?utm_source=clutch.co&utm_medium=referral&utm_campaign=directory,"Noida, India",$25 - $49 / hr,"$10,000+",50 - 249
Loginsoft Consulting LLC,https://www.loginsoft.com/?utm_source=clutch.co&utm_medium=referral&utm_campaign=directory,"Hyderabad, India",$25 - $49 / hr,"$25,000+",250 - 999
DevRepublic BV,https://www.devrepublic.nl,"Ahmedabad, India",$25 - $49 / hr,"$10,000+",50 - 249
Citrus Informatics,http://www.citrusinformatics.com,"Kochi, India",$25 - $49 / hr,"$5,000+",250 - 999
Sumindex Solutions LLP,http://www.sumindex.co.in/?utm_source=clutch.co&utm_medium=referral&utm_campaign=directory,"Jaipur, India",$50 - $99 / hr,"$1,000+",10 - 49
Pathway Communications,https://www.pathcom.com,"Pune, India",$150 - $199 / hr,"$1,000+",50 - 249
CBTW APAC,https://collaborationbetterstheworld.com/?utm_source=clutch.co&utm_medium=referral&utm_campaign=directory,"Bengaluru, India",Undisclosed,Undisclosed,"1,000 - 9,999"
Ray Business Technologies,N/A,"Hyderabad, India",$50 - $99 / hr,"$50,000+",250 - 999
Wavicle Data Solutions,N/A,"Coimbatore, India",Undisclosed,"$75,000+",250 - 999
AIMDek Technologies,N/A,"Ahmedabad, India",$25 - $49 / hr,"$10,000+",50 - 249
Maxima Consulting,N/A,"Pune, India",$25 - $49 / hr,"$10,000+",250 - 999
Girikon,N/A,"Gurugram, India",$25 - $49 / hr,"$5,000+",250 - 999
Aress Software,N/A,"Nashik, India",$25 - $49 / hr,"$5,000+",250 - 999
Grazitti Interactive,N/A,"Panchkula, India",$25 - $49 / hr,"$10,000+","1,000 - 9,999"
Avisoft,N/A,"Sahibzada Ajit Singh Nagar, India",$25 - $49 / hr,"$1,000+",50 - 249
SparkSupport Pvt Ltd,N/A,"Kakkanad, India",< $25 / hr,"$1,000+",50 - 249
Cyntexa,N/A,"Jaipur, India",$25 - $49 / hr,"$5,000+",250 - 999
SHI | Locuz - An SHI Company,N/A,"Hyderabad, India",$25 - $49 / hr,"$5,000+","1,000 - 9,999"
Ideas2IT Technologies,N/A,"Chennai, India",$25 - $49 / hr,"$50,000+",250 - 999
Boston Technology Corporation,N/A,"Bengaluru, India",$25 - $49 / hr,"$50,000+",250 - 999
Bacancy,N/A,"Ahmedabad, India",< $25 / hr,"$10,000+","1,000 - 9,999"
Dotsquares,https://clutch.dotsquares.com/?utm_source=clutch.co&utm_medium=referral&utm_campaign=directory,"Jaipur, India",$25 - $49 / hr,"$1,000+","1,000 - 9,999"
Ray Business Technologies,https://raybiztech.com/,"Hyderabad, India",$50 - $99 / hr,"$50,000+",250 - 999
Wavicle Data Solutions,https://wavicledata.com,"Coimbatore, India",Undisclosed,"$75,000+",250 - 999
Euphoric Thought Technologies Pvt. Ltd.,https://www.euphoricthought.com/?utm_source=clutch.co&utm_medium=referral&utm_campaign=directory?utm_source=clutch.co&utm_medium=referral&utm_campaign=it-services-india,"Bengaluru, India",$25 - $49 / hr,"$10,000+",50 - 249
Simform,https://www.simform.com/top-it-services-company/?utm_source=clutch.co&utm_medium=sp-referral&utm_campaign=it-outsourcing-india,"Ahmedabad, India",$25 - $49 / hr,"$25,000+","1,000 - 9,999"
AIMDek Technologies,https://www.aimdek.com/contact-us/?utm_source=clutch.co&utm_medium=referral&utm_campaign=directory,"Ahmedabad, India",$25 - $49 / hr,"$10,000+",50 - 249
Radixweb,https://radixweb.com/,"Ahmedabad, India",$25 - $49 / hr,"$25,000+",250 - 999
Maxima Consulting,https://www.maximaconsulting.com/locations/india?utm_source=clutch.co&utm_medium=referral&utm_campaign=it-services-india,"Pune, India",$25 - $49 / hr,"$10,000+",250 - 999
Sedin Technologies,https://sedintechnologies.com/contact/?utm_source=clutch.co&utm_medium=referral&utm_campaign=directory,"Chennai, India",$25 - $49 / hr,"$50,000+",250 - 999
Girikon,https://www.girikon.com,"Gurugram, India",$25 - $49 / hr,"$5,000+",250 - 999
Aress Software,https://www.aress.com/,"Nashik, India",$25 - $49 / hr,"$5,000+",250 - 999
eSparkBiz,https://www.esparkinfo.com/?utm_source=clutch.co&utm_medium=referral&utm_campaign=directory,"Ahmedabad, India",< $25 / hr,"$5,000+",250 - 999
Grazitti Interactive,https://www.grazitti.com/?utm_source=clutch&utm_medium=community&utm_campaign=social,"Panchkula, India",$25 - $49 / hr,"$10,000+","1,000 - 9,999"
Salt Technologies,https://www.salttechno.com/?utm_source=clutch.co&utm_medium=referral&utm_campaign=directory,"Pimpri-Chinchwad, India",$25 - $49 / hr,"$10,000+",50 - 249
Avisoft,https://avisoft.io/,"Sahibzada Ajit Singh Nagar, India",$25 - $49 / hr,"$1,000+",50 - 249
SparkSupport Pvt Ltd,https://www.sparksupport.com,"Kakkanad, India",< $25 / hr,"$1,000+",50 - 249
Cyntexa,https://cyntexa.com/,"Jaipur, India",$25 - $49 / hr,"$5,000+",250 - 999
SHI | Locuz - An SHI Company,https://www.locuz.com/,"Hyderabad, India",$25 - $49 / hr,"$5,000+","1,000 - 9,999"
Navsoft,https://www.thenavsoft.com?utm_source=clutch.co&utm_medium=referral&utm_campaign=it-services-india,"Mumbai, India",$25 - $49 / hr,"$10,000+",250 - 999
Ideas2IT Technologies,https://www.ideas2it.com/?utm_source=clutch.co&utm_medium=referral&utm_campaign=directory,"Chennai, India",$25 - $49 / hr,"$50,000+",250 - 999
Boston Technology Corporation,http://www.boston-technology.com/,"Bengaluru, India",$25 - $49 / hr,"$50,000+",250 - 999
Bacancy,https://www.bacancytechnology.com?utm_source=clutch.co&utm_medium=referral&utm_campaign=directory,"Ahmedabad, India",< $25 / hr,"$10,000+","1,000 - 9,999"
QBurst,https://www.qburst.com/?ref=1500237,"Kochi, India",$25 - $49 / hr,"$5,000+","1,000 - 9,999"
TechAhead,https://www.techaheadcorp.com/?utm_source=clutch.co&utm_medium=referral&utm_campaign=directory,"Greater Noida, India",$25 - $49 / hr,"$25,000+",50 - 249
GeekyAnts,https://geekyants.com/?utm_source=clutch&utm_medium=referral&utm_campaign=sponsorship,"Bengaluru, India",$25 - $49 / hr,"$10,000+",250 - 999
XenonStack,https://www.xenonstack.com/,"Sahibzada Ajit Singh Nagar, India",$50 - $99 / hr,"$25,000+",50 - 249
TatvaSoft,https://www.tatvasoft.com/?utm_source=clutch.co&utm_medium=referral&utm_campaign=profile,"Ahmedabad, India",< $25 / hr,"$25,000+","1,000 - 9,999"
Citta Solutions Private Limited,https://cittasolutions.com/,"Ahmedabad, India",$25 - $49 / hr,"$5,000+",50 - 249
Successive Digital,https://successive.tech/?utm_source=clutch.co&utm_medium=referral&utm_campaign=directory,"Noida, India",$25 - $49 / hr,"$5,000+","1,000 - 9,999"
Velotio Technologies,https://velotio.com/?utm_source=clutch.co&utm_medium=referral&utm_campaign=directory,"Pune, India",$25 - $49 / hr,"$25,000+",250 - 999
QBurst,N/A,"Kochi, India",$25 - $49 / hr,"$5,000+","1,000 - 9,999"
GeekyAnts,N/A,"Bengaluru, India",$25 - $49 / hr,"$10,000+",250 - 999
XenonStack,N/A,"Sahibzada Ajit Singh Nagar, India",$50 - $99 / hr,"$25,000+",50 - 249
Citta Solutions Private Limited,N/A,"Ahmedabad, India",$25 - $49 / hr,"$5,000+",50 - 249
Successive Digital,N/A,"Noida, India",$25 - $49 / hr,"$5,000+","1,000 - 9,999"
Velotio Technologies,N/A,"Pune, India",$25 - $49 / hr,"$25,000+",250 - 999
mTraction Enterprise (An Affle Company),N/A,"Gurugram, India",$25 - $49 / hr,"$25,000+",50 - 249
Wrexa Technologies LLC,N/A,"Thoraipakkam, India",< $25 / hr,"$5,000+",50 - 249
Dazeworks,N/A,"Kochi, India",$25 - $49 / hr,"$1,000+",50 - 249
Netsmartz LLC,N/A,"Sahibzada Ajit Singh Nagar, India",$25 - $49 / hr,"$50,000+","1,000 - 9,999"
RSK Cyber Security,N/A,"Gurugram, India",$25 - $49 / hr,"$1,000+",10 - 49
Algoworks,N/A,"Noida, India",Undisclosed,"$10,000+",250 - 999
Umbrella Infocare,N/A,"Noida, India",$25 - $49 / hr,"$10,000+",50 - 249
Agile Infoways LLC,N/A,"Ahmedabad, India",$25 - $49 / hr,"$10,000+",50 - 249
Eleviant Tech,N/A,"Chennai, India",$25 - $49 / hr,"$25,000+",250 - 999
Aufait Technologies Pvt. Ltd,N/A,"Bengaluru, India",$25 - $49 / hr,"$10,000+",50 - 249
Binary Republik,http://www.BinaryRepublik.com/?utm_source=clutch.co&utm_medium=referral&utm_campaign=directory,"Ahmedabad, India",Undisclosed,"$5,000+",50 - 249
BridgeApps Ltd,N/A,"Bengaluru, India",$25 - $49 / hr,"$25,000+",10 - 49
Marlabs Inc,N/A,"Bengaluru, India",Undisclosed,"$100,000+","1,000 - 9,999"
Mavlers,https://www.mavlers.com/digital-outsourcing-agency/?utm_source=clutch.co&utm_medium=visit_website_cta&utm_campaign=directory_listing,"Ahmedabad, India",< $25 / hr,"$1,000+","1,000 - 9,999"
SoftProdigy,N/A,"Sahibzada Ajit Singh Nagar, India",$25 - $49 / hr,"$10,000+",250 - 999
TESTRIQ QA LAB,N/A,"Mira Bhayandar, India",< $25 / hr,Undisclosed,50 - 249
Kellton,N/A,"Gurugram, India",$50 - $99 / hr,"$50,000+","1,000 - 9,999"
Kitaracloud Techlabs,N/A,"Ahmedabad, India",$25 - $49 / hr,"$1,000+",10 - 49
Ibexlabs,N/A,"Hyderabad, India",$100 - $149 / hr,"$10,000+",10 - 49
Tericsoft,N/A,"Hyderabad, India",$25 - $49 / hr,"$25,000+",50 - 249
West Advanced Technologies Inc,N/A,"Hyderabad, India",$50 - $99 / hr,"$5,000+",50 - 249
Geeks Solutions,N/A,"Nashik, India",$25 - $49 / hr,"$1,000+",50 - 249
Aspire SoftServ,N/A,"Ahmedabad, India",$25 - $49 / hr,"$10,000+",50 - 249
Brilworks Software,N/A,"Ahmedabad, India",< $25 / hr,"$5,000+",50 - 249
Softqube Technologies LLC,N/A,"Ahmedabad, India",$25 - $49 / hr,"$10,000+",50 - 249
Binstellar Technologies Pvt. Ltd.,N/A,"Ahmedabad, India",< $25 / hr,"$1,000+",10 - 49
Katpro Technologies Inc,N/A,"Bengaluru, India",$50 - $99 / hr,"$5,000+",10 - 49
Inventcolabs,N/A,"Jaipur, India",$25 - $49 / hr,"$5,000+",50 - 249
Cygnet.One,N/A,"Ahmedabad, India",$25 - $49 / hr,"$10,000+","1,000 - 9,999"
Rishabh Software,N/A,"Vadodara, India",$25 - $49 / hr,"$10,000+","1,000 - 9,999"
Solvios Technology,N/A,"Ahmedabad, India",$25 - $49 / hr,"$5,000+",50 - 249
"Centizen, Inc.",N/A,"Bengaluru, India",< $25 / hr,"$5,000+",250 - 999
Softvolt,N/A,"Jaipur, India",< $25 / hr,"$5,000+",50 - 249
CODECLOUDS,N/A,"Kolkata, India",Undisclosed,Undisclosed,250 - 999
Your Server Doctor,N/A,"Jaipur, India",< $25 / hr,"$5,000+",10 - 49
Melonleaf Consulting,N/A,"Gurugram, India",$25 - $49 / hr,"$1,000+",50 - 249
NS Global Corporation,N/A,"Rajkot, India",$25 - $49 / hr,"$10,000+",50 - 249
APPLIFY,N/A,"Sahibzada Ajit Singh Nagar, India",$25 - $49 / hr,"$25,000+",50 - 249
Zindagi Technologies Private Limited,N/A,"New Delhi, India",$25 - $49 / hr,"$1,000+",50 - 249
Bug Hunters,N/A,"Faridabad, India",< $25 / hr,"$1,000+",50 - 249
9Yards Technology,N/A,"Hazratpur Wajidpur, India",< $25 / hr,"$10,000+",50 - 249
SR Analytics,N/A,"Pune, India",$150 - $199 / hr,"$5,000+",50 - 249
Cloudzenia,N/A,"Bengaluru, India",$25 - $49 / hr,"$1,000+",10 - 49
Anblicks,N/A,"Ahmedabad, India",$25 - $49 / hr,"$100,000+",250 - 999
Dotsquares,https://clutch.dotsquares.com/?utm_source=clutch.co&utm_medium=referral&utm_campaign=directory,"Jaipur, India",$25 - $49 / hr,"$1,000+","1,000 - 9,999"
Ray Business Technologies,https://raybiztech.com/,"Hyderabad, India",$50 - $99 / hr,"$50,000+",250 - 999
Wavicle Data Solutions,https://wavicledata.com,"Coimbatore, India",Undisclosed,"$75,000+",250 - 999
Euphoric Thought Technologies Pvt. Ltd.,https://www.euphoricthought.com/?utm_source=clutch.co&utm_medium=referral&utm_campaign=directory?utm_source=clutch.co&utm_medium=referral&utm_campaign=it-services-india,"Bengaluru, India",$25 - $49 / hr,"$10,000+",50 - 249
Simform,https://www.simform.com/top-it-services-company/?utm_source=clutch.co&utm_medium=sp-referral&utm_campaign=it-outsourcing-india,"Ahmedabad, India",$25 - $49 / hr,"$25,000+","1,000 - 9,999"
AIMDek Technologies,https://www.aimdek.com/contact-us/?utm_source=clutch.co&utm_medium=referral&utm_campaign=directory,"Ahmedabad, India",$25 - $49 / hr,"$10,000+",50 - 249
Radixweb,https://radixweb.com/,"Ahmedabad, India",$25 - $49 / hr,"$25,000+",250 - 999
Maxima Consulting,https://www.maximaconsulting.com/locations/india?utm_source=clutch.co&utm_medium=referral&utm_campaign=it-services-india,"Pune, India",$25 - $49 / hr,"$10,000+",250 - 999
Sedin Technologies,https://sedintechnologies.com/contact/?utm_source=clutch.co&utm_medium=referral&utm_campaign=directory,"Chennai, India",$25 - $49 / hr,"$50,000+",250 - 999
Girikon,https://www.girikon.com,"Gurugram, India",$25 - $49 / hr,"$5,000+",250 - 999
Aress Software,https://www.aress.com/,"Nashik, India",$25 - $49 / hr,"$5,000+",250 - 999
eSparkBiz,https://www.esparkinfo.com/?utm_source=clutch.co&utm_medium=referral&utm_campaign=directory,"Ahmedabad, India",< $25 / hr,"$5,000+",250 - 999
Grazitti Interactive,https://www.grazitti.com/?utm_source=clutch&utm_medium=community&utm_campaign=social,"Panchkula, India",$25 - $49 / hr,"$10,000+","1,000 - 9,999"
Salt Technologies,https://www.salttechno.com/?utm_source=clutch.co&utm_medium=referral&utm_campaign=directory,"Pimpri-Chinchwad, India",$25 - $49 / hr,"$10,000+",50 - 249
Avisoft,https://avisoft.io/,"Sahibzada Ajit Singh Nagar, India",$25 - $49 / hr,"$1,000+",50 - 249
SparkSupport Pvt Ltd,https://www.sparksupport.com,"Kakkanad, India",< $25 / hr,"$1,000+",50 - 249
Cyntexa,https://cyntexa.com/,"Jaipur, India",$25 - $49 / hr,"$5,000+",250 - 999
SHI | Locuz - An SHI Company,https://www.locuz.com/,"Hyderabad, India",$25 - $49 / hr,"$5,000+","1,000 - 9,999"
Navsoft,https://www.thenavsoft.com?utm_source=clutch.co&utm_medium=referral&utm_campaign=it-services-india,"Mumbai, India",$25 - $49 / hr,"$10,000+",250 - 999
Ideas2IT Technologies,https://www.ideas2it.com/?utm_source=clutch.co&utm_medium=referral&utm_campaign=directory,"Chennai, India",$25 - $49 / hr,"$50,000+",250 - 999
Boston Technology Corporation,http://www.boston-technology.com/,"Bengaluru, India",$25 - $49 / hr,"$50,000+",250 - 999
Bacancy,https://www.bacancytechnology.com?utm_source=clutch.co&utm_medium=referral&utm_campaign=directory,"Ahmedabad, India",< $25 / hr,"$10,000+","1,000 - 9,999"
QBurst,https://www.qburst.com/?ref=1500237,"Kochi, India",$25 - $49 / hr,"$5,000+","1,000 - 9,999"
TechAhead,https://www.techaheadcorp.com/?utm_source=clutch.co&utm_medium=referral&utm_campaign=directory,"Greater Noida, India",$25 - $49 / hr,"$25,000+",50 - 249
GeekyAnts,https://geekyants.com/?utm_source=clutch&utm_medium=referral&utm_campaign=sponsorship,"Bengaluru, India",$25 - $49 / hr,"$10,000+",250 - 999
XenonStack,https://www.xenonstack.com/,"Sahibzada Ajit Singh Nagar, India",$50 - $99 / hr,"$25,000+",50 - 249
TatvaSoft,https://www.tatvasoft.com/?utm_source=clutch.co&utm_medium=referral&utm_campaign=profile,"Ahmedabad, India",< $25 / hr,"$25,000+","1,000 - 9,999"
Citta Solutions Private Limited,https://cittasolutions.com/,"Ahmedabad, India",$25 - $49 / hr,"$5,000+",50 - 249
Successive Digital,https://successive.tech/?utm_source=clutch.co&utm_medium=referral&utm_campaign=directory,"Noida, India",$25 - $49 / hr,"$5,000+","1,000 - 9,999"
Velotio Technologies,https://velotio.com/?utm_source=clutch.co&utm_medium=referral&utm_campaign=directory,"Pune, India",$25 - $49 / hr,"$25,000+",250 - 999
InApp,N/A,"Thiruvananthapuram, India",$25 - $49 / hr,"$50,000+",250 - 999
Debuide Technologies (OPC) Pvt Ltd,N/A,"Bengaluru, India",$25 - $49 / hr,"$10,000+",2 - 9
TechBridge Consultancy Services LLP,N/A,"Gurugram, India",Undisclosed,Undisclosed,50 - 249
Instance IT Solutions,N/A,"Surat, India",$25 - $49 / hr,"$5,000+",50 - 249
Mobcoder,N/A,"Ghaziabad, India",$50 - $99 / hr,"$25,000+",50 - 249
Saviant Consulting,N/A,"Pune, India",Undisclosed,Undisclosed,50 - 249
Uncanny Consulting Services LLP,N/A,"Vadodara, India",< $25 / hr,"$5,000+",50 - 249
SynapseIndia,N/A,"Noida, India",$25 - $49 / hr,"$5,000+",250 - 999
CODE B,N/A,"Mumbai, India",< $25 / hr,"$10,000+",10 - 49
TRooTech Business Solutions,N/A,"Ahmedabad, India",$25 - $49 / hr,"$25,000+",250 - 999
MindInventory,N/A,"Ahmedabad, India",$25 - $49 / hr,"$10,000+",250 - 999
Meetri Infotech Private Limited,N/A,"Delhi, India",$25 - $49 / hr,"$5,000+",50 - 249
Tenup Software Services,N/A,"Vadodara, India",$25 - $49 / hr,"$50,000+",50 - 249
Emvigo Technologies Ltd,N/A,"Kochi, India",$25 - $49 / hr,"$10,000+",50 - 249
Rysun Labs Inc.,N/A,"Ahmedabad, India",Undisclosed,"$100,000+",250 - 999
Techcronus Business Solutions,N/A,"Ahmedabad, India",< $25 / hr,"$5,000+",50 - 249
Emorphis Technologies,N/A,"Indore, India",$25 - $49 / hr,"$5,000+",50 - 249
JRD Systems,N/A,"Bengaluru, India",Undisclosed,Undisclosed,50 - 249
Sonata Software,N/A,"Bengaluru, India",Undisclosed,Undisclosed,"1,000 - 9,999"
Techtweek Infotech LLC,N/A,"Sahibzada Ajit Singh Nagar, India",$25 - $49 / hr,"$1,000+",10 - 49
Josh Software,N/A,"Pune, India",$100 - $149 / hr,"$25,000+",250 - 999
Mutual Mobile (A Grid Dynamics Company),N/A,"Hyderabad, India",$150 - $199 / hr,"$25,000+",50 - 249
Fournine Cloud,N/A,"Nanakaramguda, India",$25 - $49 / hr,"$5,000+",10 - 49
Ansi ByteCode LLP,N/A,"Ahmedabad, India",$25 - $49 / hr,"$5,000+",10 - 49
Coditation Systems,N/A,"Pune, India",< $25 / hr,"$25,000+",50 - 249
NLINEAXIS,N/A,"Jaipur, India",Undisclosed,Undisclosed,10 - 49
Strivemindz,N/A,"Jaipur, India",< $25 / hr,"$1,000+",50 - 249
Webllisto,N/A,"Lucknow, India",$25 - $49 / hr,"$10,000+",50 - 249
Zignuts Technolab,N/A,"Gandhinagar, India",< $25 / hr,"$10,000+",50 - 249
JachOOs Systems,N/A,"Kakkanad, India",Undisclosed,Undisclosed,10 - 49
Vrinsoft Technology,N/A,"Ahmedabad, India",< $25 / hr,"$10,000+",50 - 249
TechVedika Inc.,N/A,"Hyderabad, India",$25 - $49 / hr,"$25,000+",50 - 249
TechInfini Solutions Pvt. Ltd.,N/A,"Indore, India",$25 - $49 / hr,"$5,000+",50 - 249
Ksolves India Limited,N/A,"Noida, India",$25 - $49 / hr,"$1,000+",250 - 999
Exato Software,N/A,"Jaipur, India",< $25 / hr,"$1,000+",50 - 249
Orangemantra Technology Pvt Ltd,N/A,"Gurugram, India",< $25 / hr,"$10,000+",250 - 999
Peerbits,N/A,"Ahmedabad, India",$25 - $49 / hr,"$10,000+",50 - 249
Polestar Analytics,N/A,"Noida, India",$25 - $49 / hr,"$5,000+",250 - 999
BigStep Technologies Pvt. Ltd.,N/A,"Gurugram, India",$25 - $49 / hr,"$10,000+",50 - 249
Kcloud Technologies,N/A,"Noida, India",$25 - $49 / hr,"$5,000+",50 - 249
Aekot,N/A,"Bengaluru, India",$100 - $149 / hr,"$10,000+",10 - 49
Silent Infotech Inc,N/A,"Ahmedabad, India",$25 - $49 / hr,"$5,000+",50 - 249
BugendaiTech US LLC,N/A,"Pune, India",$100 - $149 / hr,"$1,000+",50 - 249
IOanyT Innovations Private Limited,N/A,"Noida, India",$25 - $49 / hr,"$1,000+",10 - 49
HashCash Consultants,N/A,"Kolkata, India",$50 - $99 / hr,"$5,000+",50 - 249
SPEC INDIA,N/A,"Ahmedabad, India",$25 - $49 / hr,"$5,000+",250 - 999
Tsaaro Consulting,N/A,"Bengaluru, India",< $25 / hr,"$5,000+",50 - 249
Priorise,N/A,"Jaipur, India",Undisclosed,Undisclosed,50 - 249
Gleecus TechLabs Inc.,N/A,"Hyderabad, India",$25 - $49 / hr,"$10,000+",50 - 249
Aeologic Technologies,N/A,"Noida, India",$25 - $49 / hr,"$5,000+",250 - 999
Dotsquares,https://clutch.dotsquares.com/?utm_source=clutch.co&utm_medium=referral&utm_campaign=directory,"Jaipur, India",$25 - $49 / hr,"$1,000+","1,000 - 9,999"
Ray Business Technologies,https://raybiztech.com/,"Hyderabad, India",$50 - $99 / hr,"$50,000+",250 - 999
Wavicle Data Solutions,https://wavicledata.com,"Coimbatore, India",Undisclosed,"$75,000+",250 - 999
Euphoric Thought Technologies Pvt. Ltd.,https://www.euphoricthought.com/?utm_source=clutch.co&utm_medium=referral&utm_campaign=directory?utm_source=clutch.co&utm_medium=referral&utm_campaign=it-services-india,"Bengaluru, India",$25 - $49 / hr,"$10,000+",50 - 249
Simform,https://www.simform.com/top-it-services-company/?utm_source=clutch.co&utm_medium=sp-referral&utm_campaign=it-outsourcing-india,"Ahmedabad, India",$25 - $49 / hr,"$25,000+","1,000 - 9,999"
AIMDek Technologies,https://www.aimdek.com/contact-us/?utm_source=clutch.co&utm_medium=referral&utm_campaign=directory,"Ahmedabad, India",$25 - $49 / hr,"$10,000+",50 - 249
Radixweb,https://radixweb.com/,"Ahmedabad, India",$25 - $49 / hr,"$25,000+",250 - 999
Maxima Consulting,https://www.maximaconsulting.com/locations/india?utm_source=clutch.co&utm_medium=referral&utm_campaign=it-services-india,"Pune, India",$25 - $49 / hr,"$10,000+",250 - 999
Sedin Technologies,https://sedintechnologies.com/contact/?utm_source=clutch.co&utm_medium=referral&utm_campaign=directory,"Chennai, India",$25 - $49 / hr,"$50,000+",250 - 999
Girikon,https://www.girikon.com,"Gurugram, India",$25 - $49 / hr,"$5,000+",250 - 999
Aress Software,https://www.aress.com/,"Nashik, India",$25 - $49 / hr,"$5,000+",250 - 999
eSparkBiz,https://www.esparkinfo.com/?utm_source=clutch.co&utm_medium=referral&utm_campaign=directory,"Ahmedabad, India",< $25 / hr,"$5,000+",250 - 999
Grazitti Interactive,https://www.grazitti.com/?utm_source=clutch&utm_medium=community&utm_campaign=social,"Panchkula, India",$25 - $49 / hr,"$10,000+","1,000 - 9,999"
Salt Technologies,https://www.salttechno.com/?utm_source=clutch.co&utm_medium=referral&utm_campaign=directory,"Pimpri-Chinchwad, India",$25 - $49 / hr,"$10,000+",50 - 249
Avisoft,https://avisoft.io/,"Sahibzada Ajit Singh Nagar, India",$25 - $49 / hr,"$1,000+",50 - 249
SparkSupport Pvt Ltd,https://www.sparksupport.com,"Kakkanad, India",< $25 / hr,"$1,000+",50 - 249
Cyntexa,https://cyntexa.com/,"Jaipur, India",$25 - $49 / hr,"$5,000+",250 - 999
SHI | Locuz - An SHI Company,https://www.locuz.com/,"Hyderabad, India",$25 - $49 / hr,"$5,000+","1,000 - 9,999"
Navsoft,https://www.thenavsoft.com?utm_source=clutch.co&utm_medium=referral&utm_campaign=it-services-india,"Mumbai, India",$25 - $49 / hr,"$10,000+",250 - 999
Ideas2IT Technologies,https://www.ideas2it.com/?utm_source=clutch.co&utm_medium=referral&utm_campaign=directory,"Chennai, India",$25 - $49 / hr,"$50,000+",250 - 999
Boston Technology Corporation,http://www.boston-technology.com/,"Bengaluru, India",$25 - $49 / hr,"$50,000+",250 - 999
Bacancy,https://www.bacancytechnology.com?utm_source=clutch.co&utm_medium=referral&utm_campaign=directory,"Ahmedabad, India",< $25 / hr,"$10,000+","1,000 - 9,999"
QBurst,https://www.qburst.com/?ref=1500237,"Kochi, India",$25 - $49 / hr,"$5,000+","1,000 - 9,999"
TechAhead,https://www.techaheadcorp.com/?utm_source=clutch.co&utm_medium=referral&utm_campaign=directory,"Greater Noida, India",$25 - $49 / hr,"$25,000+",50 - 249
GeekyAnts,https://geekyants.com/?utm_source=clutch&utm_medium=referral&utm_campaign=sponsorship,"Bengaluru, India",$25 - $49 / hr,"$10,000+",250 - 999
XenonStack,https://www.xenonstack.com/,"Sahibzada Ajit Singh Nagar, India",$50 - $99 / hr,"$25,000+",50 - 249
TatvaSoft,https://www.tatvasoft.com/?utm_source=clutch.co&utm_medium=referral&utm_campaign=profile,"Ahmedabad, India",< $25 / hr,"$25,000+","1,000 - 9,999"
Citta Solutions Private Limited,https://cittasolutions.com/,"Ahmedabad, India",$25 - $49 / hr,"$5,000+",50 - 249
Successive Digital,https://successive.tech/?utm_source=clutch.co&utm_medium=referral&utm_campaign=directory,"Noida, India",$25 - $49 / hr,"$5,000+","1,000 - 9,999"
Velotio Technologies,https://velotio.com/?utm_source=clutch.co&utm_medium=referral&utm_campaign=directory,"Pune, India",$25 - $49 / hr,"$25,000+",250 - 999
AtliQ Technologies,N/A,"Vadodara, India",$25 - $49 / hr,"$10,000+",50 - 249
Synergetics Cloud Consulting,N/A,"Mumbai, India",Undisclosed,"$1,000+",50 - 249
Aryavrat Infotech Inc.,N/A,"Jaipur, India",$50 - $99 / hr,"$10,000+",50 - 249
Elegant MicroWeb,N/A,"Ahmedabad, India",$25 - $49 / hr,"$5,000+",50 - 249
PiServe,N/A,"Kakkanad, India",$25 - $49 / hr,"$25,000+",50 - 249
Brand Metrics Fintech,N/A,"Jaipur, India",< $25 / hr,"$10,000+",10 - 49
Lets Nurture,N/A,"Ahmedabad, India",$25 - $49 / hr,"$5,000+",50 - 249
Red Orange Technologies Private Limited,N/A,"Sahibzada Ajit Singh Nagar, India",< $25 / hr,"$1,000+",50 - 249
AlifCloud IT Consulting Pvt. Ltd.,N/A,"Pune, India",$100 - $149 / hr,"$5,000+",50 - 249
GSV SYSTEMS LLP,N/A,"Gurugram, India",$100 - $149 / hr,"$10,000+",10 - 49
Compufy Technolab Services Private Limited,N/A,"Ahmedabad, India",$25 - $49 / hr,"$5,000+",10 - 49
AJM Softwares,N/A,"Jodhpur, India",$25 - $49 / hr,"$5,000+",50 - 249
Genetrix Technology,N/A,"Pune, India",$25 - $49 / hr,"$1,000+",10 - 49
Nstack Softech LLP,N/A,"Ahmedabad, India",$25 - $49 / hr,"$1,000+",10 - 49
Sunflower Lab,N/A,"Vadodara, India",$50 - $99 / hr,"$25,000+",50 - 249
Surekha Technologies,N/A,"Ahmedabad, India",< $25 / hr,"$5,000+",50 - 249
PQube Business Solutions,N/A,"Bengaluru, India",$50 - $99 / hr,"$25,000+",50 - 249
Mobisoft Infotech,N/A,"Pune, India",$25 - $49 / hr,"$25,000+",250 - 999
GlobalVox,N/A,"Ahmedabad, India",$25 - $49 / hr,"$5,000+",50 - 249
Codify Tech,N/A,"Mumbai, India",$50 - $99 / hr,"$10,000+",10 - 49
IARM Information Security,N/A,"Chennai, India",< $25 / hr,"$5,000+",50 - 249
Webkorps Services,N/A,"Indore, India",$25 - $49 / hr,"$5,000+",50 - 249
Wattlecorp Cybersecurity Labs,N/A,"Bengaluru, India",Undisclosed,"$1,000+",50 - 249
Marksman Technologies Pvt Ltd,N/A,"Bishanpura, India",$25 - $49 / hr,"$1,000+",50 - 249
CodeStore Technologies,N/A,"Noida, India",< $25 / hr,"$5,000+",50 - 249
StrongBox IT,N/A,"Chennai, India",< $25 / hr,"$1,000+",10 - 49
VKAPS IT Solutions Pvt. Ltd.,N/A,"Indore, India",$50 - $99 / hr,"$5,000+",50 - 249
Bautomate,N/A,"Tiruchirappalli, India",< $25 / hr,"$1,000+",50 - 249
Cumulations Technologies Pvt Ltd,N/A,"Bengaluru, India",< $25 / hr,"$5,000+",10 - 49
POSITIWISE,N/A,"Ahmedabad, India",< $25 / hr,"$5,000+",50 - 249
MATEBIZ PVT. LTD.,N/A,"Delhi, India",< $25 / hr,Undisclosed,50 - 249
Seven Bits Technologies,N/A,"Ahmedabad, India",$25 - $49 / hr,"$10,000+",10 - 49
Zensar Technologies Ltd,N/A,"पुणे, India",Undisclosed,Undisclosed,"10,000+"
EMED HEALTHTECH,N/A,"Ahmedabad, India",< $25 / hr,"$5,000+",50 - 249
Big Rattle Technologies,N/A,"Mumbai, India",$25 - $49 / hr,"$10,000+",10 - 49
ECLEVA - Microsoft Solutions Partner,N/A,"Ahmedabad, India",Undisclosed,Undisclosed,50 - 249
Infynno Solutions LLP,N/A,"Ahmedabad, India",< $25 / hr,"$5,000+",10 - 49
Pixel Tech,N/A,"Chennai, India",$25 - $49 / hr,"$5,000+",10 - 49
Communication Crafts,N/A,"Ahmedabad, India",Undisclosed,"$10,000+",250 - 999
NeenOpal Inc.,N/A,"Bengaluru, India",$50 - $99 / hr,"$10,000+",10 - 49
Latent - An Alpha OBS LLP Venture,N/A,"Pune, India",$25 - $49 / hr,"$5,000+",50 - 249
Certbar Security,N/A,"Surat, India",$25 - $49 / hr,"$5,000+",10 - 49
The One Technologies,N/A,"Ahmedabad, India",$25 - $49 / hr,"$1,000+",50 - 249
ScaleupAlly,N/A,"New Delhi, India",$25 - $49 / hr,"$5,000+",50 - 249
WeAssemble,N/A,"Mumbai, India",< $25 / hr,"$10,000+",50 - 249
HJ Infotech,N/A,"Jaipur, India",$25 - $49 / hr,"$1,000+",10 - 49
AppAspect Technologies Pvt. Ltd.,N/A,"Ahmedabad, India",$25 - $49 / hr,"$10,000+",10 - 49
Tudip Technologies Pvt. Ltd.,N/A,"Pimpri-Chinchwad, India",< $25 / hr,"$1,000+",250 - 999
Infrassist Technologies Pvt. Ltd.,N/A,"Ahmedabad, India",$25 - $49 / hr,"$1,000+",50 - 249
QR Solutions Pty Ltd,N/A,"Tiruchirappalli, India",$25 - $49 / hr,"$5,000+",50 - 249
Dotsquares,https://clutch.dotsquares.com/?utm_source=clutch.co&utm_medium=referral&utm_campaign=directory,"Jaipur, India",$25 - $49 / hr,"$1,000+","1,000 - 9,999"
Ray Business Technologies,https://raybiztech.com/,"Hyderabad, India",$50 - $99 / hr,"$50,000+",250 - 999
Wavicle Data Solutions,https://wavicledata.com,"Coimbatore, India",Undisclosed,"$75,000+",250 - 999
Euphoric Thought Technologies Pvt. Ltd.,https://www.euphoricthought.com/?utm_source=clutch.co&utm_medium=referral&utm_campaign=directory?utm_source=clutch.co&utm_medium=referral&utm_campaign=it-services-india,"Bengaluru, India",$25 - $49 / hr,"$10,000+",50 - 249
Simform,https://www.simform.com/top-it-services-company/?utm_source=clutch.co&utm_medium=sp-referral&utm_campaign=it-outsourcing-india,"Ahmedabad, India",$25 - $49 / hr,"$25,000+","1,000 - 9,999"
AIMDek Technologies,https://www.aimdek.com/contact-us/?utm_source=clutch.co&utm_medium=referral&utm_campaign=directory,"Ahmedabad, India",$25 - $49 / hr,"$10,000+",50 - 249
Radixweb,https://radixweb.com/,"Ahmedabad, India",$25 - $49 / hr,"$25,000+",250 - 999
Maxima Consulting,https://www.maximaconsulting.com/locations/india?utm_source=clutch.co&utm_medium=referral&utm_campaign=it-services-india,"Pune, India",$25 - $49 / hr,"$10,000+",250 - 999
Sedin Technologies,https://sedintechnologies.com/contact/?utm_source=clutch.co&utm_medium=referral&utm_campaign=directory,"Chennai, India",$25 - $49 / hr,"$50,000+",250 - 999
Girikon,https://www.girikon.com,"Gurugram, India",$25 - $49 / hr,"$5,000+",250 - 999
Aress Software,https://www.aress.com/,"Nashik, India",$25 - $49 / hr,"$5,000+",250 - 999
eSparkBiz,https://www.esparkinfo.com/?utm_source=clutch.co&utm_medium=referral&utm_campaign=directory,"Ahmedabad, India",< $25 / hr,"$5,000+",250 - 999
Grazitti Interactive,https://www.grazitti.com/?utm_source=clutch&utm_medium=community&utm_campaign=social,"Panchkula, India",$25 - $49 / hr,"$10,000+","1,000 - 9,999"
Salt Technologies,https://www.salttechno.com/?utm_source=clutch.co&utm_medium=referral&utm_campaign=directory,"Pimpri-Chinchwad, India",$25 - $49 / hr,"$10,000+",50 - 249
Avisoft,https://avisoft.io/,"Sahibzada Ajit Singh Nagar, India",$25 - $49 / hr,"$1,000+",50 - 249
SparkSupport Pvt Ltd,https://www.sparksupport.com,"Kakkanad, India",< $25 / hr,"$1,000+",50 - 249
Cyntexa,https://cyntexa.com/,"Jaipur, India",$25 - $49 / hr,"$5,000+",250 - 999
SHI | Locuz - An SHI Company,https://www.locuz.com/,"Hyderabad, India",$25 - $49 / hr,"$5,000+","1,000 - 9,999"
Navsoft,https://www.thenavsoft.com?utm_source=clutch.co&utm_medium=referral&utm_campaign=it-services-india,"Mumbai, India",$25 - $49 / hr,"$10,000+",250 - 999
Ideas2IT Technologies,https://www.ideas2it.com/?utm_source=clutch.co&utm_medium=referral&utm_campaign=directory,"Chennai, India",$25 - $49 / hr,"$50,000+",250 - 999
Boston Technology Corporation,http://www.boston-technology.com/,"Bengaluru, India",$25 - $49 / hr,"$50,000+",250 - 999
Bacancy,https://www.bacancytechnology.com?utm_source=clutch.co&utm_medium=referral&utm_campaign=directory,"Ahmedabad, India",< $25 / hr,"$10,000+","1,000 - 9,999"
QBurst,https://www.qburst.com/?ref=1500237,"Kochi, India",$25 - $49 / hr,"$5,000+","1,000 - 9,999"
TechAhead,https://www.techaheadcorp.com/?utm_source=clutch.co&utm_medium=referral&utm_campaign=directory,"Greater Noida, India",$25 - $49 / hr,"$25,000+",50 - 249
GeekyAnts,https://geekyants.com/?utm_source=clutch&utm_medium=referral&utm_campaign=sponsorship,"Bengaluru, India",$25 - $49 / hr,"$10,000+",250 - 999
XenonStack,https://www.xenonstack.com/,"Sahibzada Ajit Singh Nagar, India",$50 - $99 / hr,"$25,000+",50 - 249
TatvaSoft,https://www.tatvasoft.com/?utm_source=clutch.co&utm_medium=referral&utm_campaign=profile,"Ahmedabad, India",< $25 / hr,"$25,000+","1,000 - 9,999"
Citta Solutions Private Limited,https://cittasolutions.com/,"Ahmedabad, India",$25 - $49 / hr,"$5,000+",50 - 249
Successive Digital,https://successive.tech/?utm_source=clutch.co&utm_medium=referral&utm_campaign=directory,"Noida, India",$25 - $49 / hr,"$5,000+","1,000 - 9,999"
Velotio Technologies,https://velotio.com/?utm_source=clutch.co&utm_medium=referral&utm_campaign=directory,"Pune, India",$25 - $49 / hr,"$25,000+",250 - 999
